epoch,loss,r2,val_loss,val_r2
1.0,186223868.39252338,-0.8755066776973972,86461626.14814815,0.28486525003532015
2.0,57780171.705607474,0.400872616121594,40390458.03703704,0.6636306182412463
3.0,41136748.44626168,0.5915861425228692,33249095.592592593,0.7354795933548363
4.0,39950143.042056076,0.5601369658067117,31720211.89814815,0.6487285969349942
5.0,38953345.07126168,0.6068108300297277,31355476.35185185,0.6924592365335206
6.0,39609009.06542056,0.6079730213577531,31810652.296296295,0.7258137890825371
7.0,39051430.36214953,0.5384349044537041,33594616.666666664,0.5810184705260552
8.0,39105379.705607474,0.5976156398026652,30075572.537037037,0.6812867985744968
9.0,37372555.408878505,0.5722356634088339,30751882.685185187,0.6266541392602049
10.0,36786784.593457945,0.5853633986233989,29510715.675925925,0.6981143884687158
11.0,35758710.25,0.6038259285415651,28532406.314814813,0.7057871389453857
12.0,34396107.26518691,0.6475865493537456,27220417.62962963,0.6975923001079748
13.0,32388320.519859813,0.6472164803538752,26436413.01851852,0.7477446652737305
14.0,31298087.59228972,0.6507573022006765,25177970.26851852,0.7564694418578226
15.0,29878080.794392522,0.6181104373679408,24200627.574074075,0.7508780549836274
16.0,28708819.533878505,0.6973867002175268,23187134.777777776,0.7138498407247122
17.0,29327103.49707944,0.697508981752965,22228310.185185187,0.7659591968763771
18.0,27318341.77686916,0.6943926212017701,22796808.78935185,0.802318068049078
19.0,26357225.172897197,0.7050366216616514,22794370.689814813,0.7815232523371084
20.0,26476983.767815422,0.714447782714758,19777205.412037037,0.8304023980899401
21.0,25936903.30140187,0.7324562560593775,25941072.37037037,0.7137279490371466
22.0,26551002.0073014,0.7170025698476015,23504805.618055556,0.808404593081544
23.0,26405710.173481308,0.7490390998340757,19752914.833333332,0.7877870381932893
24.0,24870184.00233645,0.7500248450786654,20320520.666666668,0.8066287358077896
25.0,25492268.53037383,0.7368497938085842,20952549.222222224,0.8023316839692496
26.0,25639082.764018692,0.7557600925399028,22911608.703703705,0.7562337992763042
27.0,25375915.27628505,0.7223630530207045,19398383.560185187,0.7950572009751187
28.0,25656893.662383176,0.7565176510425006,23188586.462962963,0.6975778102327569
29.0,25754589.233644858,0.7430220122943114,19896449.277777776,0.7576533860968069
30.0,25051231.68457944,0.7477229467449764,18865094.532407407,0.7802959046911021
31.0,25531519.850175235,0.754266045401331,23117951.75289352,0.7329335674173462
32.0,25364845.171728972,0.7448918318423169,20700970.111111112,0.7887850278134932
33.0,25425949.44421729,0.7159378982387247,23326072.421296295,0.8232650034853461
34.0,24888985.67932243,0.7323397001895539,18851762.087962963,0.8258805420129876
35.0,24915967.45911215,0.7535163838383087,18946287.092592593,0.8186496652418895
36.0,24869954.56834112,0.7514632024894929,21823831.296296295,0.7327308490533794
37.0,25265724.931074765,0.7471141480705026,19648188.916666668,0.7985178376342972
38.0,26452613.08878505,0.7349198541297018,19555157.953703705,0.8064087373802293
39.0,25220805.814252336,0.7458092504360245,19770458.12962963,0.7948683665568801
40.0,25124671.40537383,0.7538025642063475,22696204.814814813,0.7777823800772303
41.0,25391570.554614484,0.7367003778588214,19678515.89814815,0.7680462857632945
42.0,25206579.016355142,0.7413293278177082,19608491.430555556,0.8215275795471525
43.0,25532486.729264017,0.762342686249259,19433041.680555556,0.8176728272210751
44.0,25577395.009929907,0.7610152171050133,19463922.64814815,0.7809991257014531
45.0,24461649.626168225,0.7431463280872324,23454806.759259257,0.739182710841388
46.0,24690114.21728972,0.7302727425960827,20112961.074074075,0.7933237025686238
47.0,25534817.324182242,0.744306959698823,19008735.407407407,0.787038938712539
48.0,25030663.673481308,0.7488863841426384,23412164.990740743,0.7760611712555187
49.0,25570125.946845796,0.7328570646654046,19275281.324074075,0.7493932162895114
50.0,25146377.236857478,0.7346421098670226,20541255.944444444,0.7726142742627488
51.0,24886513.34170561,0.7402834492379019,19110069.85185185,0.8165688569873119
52.0,25037167.230724297,0.7535345424021128,19694781.712962963,0.8095378744603386
53.0,25139672.997371495,0.736421782332565,19221425.564814813,0.7454595133542455
54.0,25487009.554614484,0.7331264657316788,21092284.49537037,0.8062093763484506
55.0,25153553.783878505,0.7499545119173816,20191162.342592593,0.7971898976089152
56.0,25130405.821845796,0.7329660448554366,18877021.717592593,0.8375428309601006
57.0,24750431.42640187,0.7383368531715084,19973331.958333332,0.8012801049165381
58.0,24605956.984228972,0.7529915913974552,19848487.990740743,0.8152364384024183
59.0,24510318.47546729,0.7492979717215359,18617926.12962963,0.777276972551518
60.0,24418806.830023363,0.7342744196222133,21404926.490740743,0.7771106829709078
61.0,24799683.233060747,0.7493186539490134,20225276.555555556,0.7928914749283694
62.0,24892492.68253505,0.7593860625646134,19395869.25,0.7827203319037154
63.0,25267478.40040888,0.7343410495033057,20435904.375,0.815827691416341
64.0,25234248.705023363,0.7492848257831283,21327779.87037037,0.801195453533848
65.0,24300503.742406543,0.7654383736271143,21012842.703703705,0.7717822864152817
66.0,24945898.09871495,0.772563659595757,19114080.708333332,0.8226085880345615
67.0,25363593.37850467,0.720876115187927,19228439.26851852,0.7928050779401358
68.0,24685720.09579439,0.7271425879239086,19084088.23148148,0.8291358376847404
69.0,24062648.03563084,0.7393914678514786,20544411.967592593,0.7936098395758747
70.0,24354740.786799066,0.7533254480253083,19938376.833333332,0.7991672348405521
71.0,24997445.71816589,0.7520903741621284,19330660.51851852,0.7991037222847069
72.0,24495770.641355142,0.7505173244028256,20064019.824074075,0.8366649374879414
73.0,24826624.23130841,0.7544035629082696,19353121.37037037,0.7801992200300676
74.0,24887813.19042056,0.7478266151817798,19091846.60185185,0.7696272707735978
75.0,24009466.37792056,0.7573516397499344,19848994.962962963,0.7755488336190329
76.0,25299200.587616824,0.7480114531652801,19582376.699074075,0.7610618824626082
77.0,24863034.608060747,0.7494538615799734,19405663.888888888,0.8300767806428995
78.0,25020325.08878505,0.746537859232255,24261091.75462963,0.80485282300607
79.0,24861694.765478972,0.7709571471532751,19720574.87037037,0.8284935732514724
80.0,24753438.509345796,0.7428447397674387,19131361.805555556,0.8016820367580733
81.0,24529800.914719626,0.7369690212352983,21197279.796296295,0.8238594273468594
82.0,25407247.995765187,0.7419801104776375,23086694.62962963,0.6979441865065688
83.0,24333776.705607478,0.7317195413540821,22253098.814814813,0.7456023213084437
84.0,25296607.87733645,0.722266195677032,20246652.425925925,0.7803871076081049
85.0,24103277.384345796,0.746394280692318,20110175.861111112,0.7614821161226553
86.0,24574071.025700934,0.7436811121182811,20228673.990740743,0.8023633708725022
87.0,23636091.664719626,0.7298937495477913,19778691.962962963,0.801858690482497
88.0,24105490.487149533,0.7656721708009875,19593995.074074075,0.7679928248468884
89.0,24149307.806366824,0.7491760638450802,23091390.5,0.7267720985721164
90.0,24886722.930490654,0.7319267563583384,20334114.888888888,0.7457075971121166
91.0,24043962.917640187,0.7572465132832069,19932138.527777776,0.8130449188399197
92.0,24732221.417056076,0.7438189859653999,21472974.21412037,0.75623127572123
93.0,24419360.094042055,0.7487691347268375,19057300.152777776,0.8106081155769668
94.0,23846028.170560747,0.761982964922838,19144734.574074075,0.8004593523254636
95.0,24400953.759929907,0.760962754973219,19908813.814814813,0.7498417229358395
96.0,24077429.73130841,0.744032849867761,20403863.805555556,0.7538445652935697
97.0,24027997.887850467,0.7449635614835771,20321963.046296295,0.8309152830076969
98.0,24510391.328855142,0.7400981584179791,19261777.180555556,0.8149131780763326
99.0,24745289.59871495,0.745112304446622,23613354.80787037,0.7893916906276516
100.0,23985057.05724299,0.7562734951737886,20008265.634259257,0.7817840455990271
101.0,24522309.422313083,0.7515573724794474,19696676.342592593,0.7802605445497851
102.0,23310680.375,0.7456431223731954,19381714.907407407,0.8285572551488357
103.0,24071843.50233645,0.7445191231384589,19132035.685185187,0.759655578812375
104.0,23865862.905957945,0.7654195651528134,19106402.180555556,0.8324100726256404
105.0,23919305.806074765,0.7493313945588769,19549325.925925925,0.7575997360605713
106.0,24507774.99415888,0.756776574518394,21855513.736111112,0.8084600944374514
107.0,23757310.707943924,0.7483722808712842,19823841.87962963,0.7958633235304382
108.0,23795543.58703271,0.7538546313156285,20388673.962962963,0.7693851184715556
109.0,24302896.93808411,0.7250591277114563,20879129.574074075,0.8321071600356292
110.0,23842286.24941589,0.7590191571057722,19631064.337962963,0.7651190472906573
111.0,23376845.453271028,0.7529466411829469,22994498.675925925,0.7211528986693372
112.0,23995328.61682243,0.7458477054657623,19503445.787037037,0.801810386861778
113.0,24507543.93983645,0.7170122379755801,19467903.212962963,0.8120713508473486
114.0,23467947.41588785,0.7575515228004577,21044532.37037037,0.8179716257802713
115.0,24634604.07359813,0.768901628913161,19164941.62962963,0.7546402754118812
116.0,24450409.13084112,0.7644308453725669,35265343.37037037,0.68155079960761
117.0,24800337.161799066,0.7304287673827751,20759825.0,0.8009096921230011
118.0,23533372.20998832,0.7880481017124226,20839781.555555556,0.7021828145304425
119.0,24744041.797897197,0.7370038377307492,19108708.638888888,0.7766439836901537
120.0,24372016.588200934,0.7662435682910268,22963623.462962963,0.7270734422842702
121.0,23876812.46670561,0.7438795557399621,19866666.537037037,0.7908140762617502
122.0,23553541.349299066,0.7667757064993304,19964290.935185187,0.7094067590602513
123.0,23850686.894859813,0.7289015220619398,19168420.513888888,0.8288018821183469
124.0,23421924.82126168,0.751515649463186,19636450.50462963,0.7295109675039497
125.0,23808082.485981308,0.7518016734864882,20741276.671296295,0.7845153966473193
126.0,23108512.550233644,0.772683795268476,22786510.712962963,0.7577634288147972
127.0,24238192.712616824,0.7384624539157614,20047626.680555556,0.7999885951174174
128.0,23125310.27453271,0.7539980823208645,21268632.240740743,0.7425706190098394
129.0,23306037.792056076,0.742528956877683,19307847.287037037,0.8083370333017443
130.0,23401104.31308411,0.7632588115634916,19155299.319444444,0.8014904089104117
131.0,23663170.44275701,0.7326021737459386,19439322.009259257,0.8000765106955674
132.0,23468655.37149533,0.7583018818517157,19641814.5,0.7841792786509908
133.0,23007787.075934578,0.744521628278511,19683405.361111112,0.8075460775961408
134.0,24018714.829439253,0.7592494285448717,21551392.662037037,0.8494327441838975
135.0,23517742.5385514,0.7611441284762621,22221577.537037037,0.7291086494323599
136.0,23499356.40186916,0.7337386341478606,19967500.796296295,0.7403678903802915
137.0,23393773.070093457,0.7515640672963592,19156329.717592593,0.7963554135375976
138.0,23342228.275700934,0.734866261698132,20542487.14351852,0.8253530715816895
139.0,23397899.754672896,0.7318829841520484,19761242.39814815,0.7264519216231942
140.0,23774187.57126168,0.7394644912790462,21066696.203703705,0.7490760127744436
141.0,23281938.984813083,0.7324759830865621,19028683.342592593,0.8080560024543806
142.0,22846444.72546729,0.7635394875815237,18983986.666666668,0.8195254412049668
143.0,22886409.66296729,0.7517511583617563,19667865.12962963,0.7046374120693925
144.0,23528585.741530374,0.7326915643848255,19443262.041666668,0.8186280695673981
145.0,24050324.239485983,0.7687388940689432,19108835.712962963,0.8028084154678837
146.0,23061138.903037384,0.7340495880230086,19090786.615740743,0.805233989660199
147.0,23651821.581775703,0.7538249467054424,19974362.64814815,0.7600811718121242
148.0,23767429.66121495,0.7582182666143544,19067637.73148148,0.8137181512890612
149.0,22730015.528037384,0.7486992027008712,19294395.074074075,0.7672722646198046
150.0,23521267.92932243,0.7337814144271663,19162534.85185185,0.8075512784093234
151.0,23288232.382009346,0.7460356144139684,23101468.592592593,0.7873638359201045
152.0,23262044.045560747,0.7535390376288981,19923470.569444444,0.8542817795026535
153.0,22662308.68691589,0.7352891713216131,19540308.592592593,0.8100951560667733
154.0,24206260.293224297,0.7548117094643318,19638768.35185185,0.7582940818730187
155.0,22879896.054906543,0.7530347739909169,21087834.407407407,0.7812199617953233
156.0,23551629.534462616,0.7552309046848942,21265890.416666668,0.7938400950476411
157.0,23870717.980724297,0.7455528745840639,20731901.75,0.8039338017052442
158.0,22734749.55373832,0.7745769820474264,19706323.310185187,0.7234309355768447
159.0,23119869.36915888,0.7454182158303521,19989017.027777776,0.7419349467778065
160.0,23240872.56834112,0.7552352188895924,19877203.39814815,0.8239697352226714
161.0,23301287.9614486,0.736398744786093,20145929.944444444,0.7817625234211526
162.0,22855945.762850467,0.7498816806571186,19166412.35648148,0.7896994863644321
163.0,23554202.039719626,0.7517497930057206,19349183.5,0.8219341901541526
164.0,22762632.640771028,0.7395881075466108,20557885.092592593,0.7741822942748231
165.0,22955124.224299066,0.7524221696977195,19352459.444444444,0.7976550312542413
166.0,22908475.992990654,0.7480557696501836,19876282.453703705,0.7774803059061112
167.0,22871750.358644858,0.757767847748039,20770226.888888888,0.7407102678430435
168.0,23164944.87149533,0.738113256759188,20500386.333333332,0.7897324609071185
169.0,23296601.2114486,0.7413078464291527,20111515.314814813,0.7833783162448518
170.0,23109221.308411215,0.7410985225209377,19950796.89814815,0.7768859013745126
171.0,22649320.78271028,0.7598779467302745,20479010.685185187,0.7465945107582098
172.0,23174345.843457945,0.7625686954443776,19468841.796296295,0.8174361315300315
173.0,22447079.84287383,0.7551539935614552,19224258.87962963,0.7792603360566608
174.0,22381031.516939253,0.7705088926242731,19707221.62962963,0.8013803377947823
175.0,22497519.805490654,0.7732173277323934,24285849.185185187,0.7346190099688731
176.0,22648432.921728972,0.7689531698042898,19219274.564814813,0.7881283868300033
177.0,22532492.61682243,0.7484092492558723,19300743.324074075,0.8186199646764222
178.0,22343318.947429907,0.7635864872301537,19629747.657407407,0.7445322505734113
179.0,22506386.94100467,0.7441555402324835,19925141.009259257,0.8027806994502222
180.0,22556744.825934578,0.7580531519933308,18821790.51851852,0.8085465421714858
181.0,22323918.510514017,0.7891224694702443,18944593.157407407,0.7978544383300135
182.0,22358935.18691589,0.7542969932077679,24007033.185185187,0.7259516341233563
183.0,22487069.94859813,0.756309969916852,18952254.944444444,0.73522100945597
184.0,23093334.858060747,0.7498278310220194,19522755.490740743,0.7198915295346517
185.0,22167388.968457945,0.7668339502211587,19250194.555555556,0.7468329031612998
186.0,23351358.094042055,0.7528391097276717,19494527.287037037,0.8011067572825658
187.0,22363621.629672896,0.7279032665301227,21044467.925925925,0.7504710368279324
188.0,22356843.325934578,0.7711769412994713,21793786.944444444,0.7451554324366768
189.0,21772870.199182242,0.7783910664201833,19918716.490740743,0.8105649918486626
190.0,22090702.05373832,0.7665762641244995,20947677.85185185,0.7831309821296685
191.0,22318876.81834112,0.7661596448754862,21327089.796296295,0.8024477628821562
192.0,22320091.824182242,0.7649914711187827,18718294.583333332,0.8184810394059302
193.0,22206590.977803737,0.7756401966578682,19467684.064814813,0.8056054149400729
194.0,22291107.40186916,0.7746076402374416,19679830.12037037,0.8131829026703747
195.0,22317607.18808411,0.7522605514599534,22420105.592592593,0.7213913804533987
196.0,22844352.822429907,0.7869298007068599,19319011.62962963,0.7855966085026901
197.0,22749699.320093457,0.7641495296958505,23793434.907407407,0.7536112741367366
198.0,22348742.97313084,0.7427285987070142,19519125.805555556,0.7844933743827018
199.0,22260913.14953271,0.7527284418161083,18904452.611111112,0.8198852099827187
200.0,21858826.754672896,0.7566119180518815,19411917.388888888,0.8002737987486898
201.0,21810602.156542055,0.7914660693449408,22788111.944444444,0.7682375157531169
202.0,22450259.400700934,0.7602504768069591,20543220.074074075,0.7656037174508422
203.0,22676630.733644858,0.7481239071579022,20137595.310185187,0.8136735856308489
204.0,23176543.1875,0.7685346975687303,19022708.185185187,0.7882006013589357
205.0,22199264.52686916,0.7592771132526064,19111043.157407407,0.794750711128014
206.0,22387931.925233644,0.7717144953419414,20895845.657407407,0.7587385562782878
207.0,22232900.25584112,0.7674010552286845,26011541.64814815,0.7295596572084972
208.0,22315537.528037384,0.7642038212117348,19799962.166666668,0.7850733789879231
209.0,22699854.50350467,0.7646569298930956,22090867.259259257,0.7871720841382815
210.0,22393725.641939253,0.7577500541148179,19502464.23148148,0.7933560791420708
211.0,22020593.58878505,0.7726514724611526,19202229.89351852,0.8114688576880079
212.0,21825041.89369159,0.7676446175973185,19711807.657407407,0.7995109460874756
213.0,21138013.612149533,0.7790050678130227,20236108.814814813,0.7711032237444899
214.0,21638831.53621495,0.7778655286909621,19063001.73148148,0.8095392096822887
215.0,21951284.852803737,0.7875014848259689,19641908.37962963,0.7622835842721373
216.0,21986628.906542055,0.7800860453345312,19398970.127314813,0.8403240999464634
217.0,22121628.25233645,0.7664173320189119,20907796.759259257,0.7797829271777595
218.0,21842586.669392522,0.7596636230393389,19642129.530092593,0.7953526986336125
219.0,21731610.422897197,0.7734069348200718,18496945.662037037,0.8184913715225014
220.0,21898073.022196263,0.7805691482262583,18509905.203703705,0.7600085969621726
221.0,21804299.810747664,0.7516551757381911,18989917.407407407,0.7623222365278591
222.0,21132053.206775703,0.7644168932836851,20551225.51851852,0.7546669688526413
223.0,21484886.260514017,0.758043053302674,18684476.625,0.8042229483497825
224.0,20994118.341121495,0.7690054629382699,18350925.444444444,0.8137250547334309
225.0,21673059.067172896,0.7706364638633434,19034294.583333332,0.763628593909809
226.0,20960496.615070093,0.7709194548773344,18895812.638888888,0.8310531951827236
227.0,20884300.480140187,0.751617000312485,18082454.090277776,0.7881460216432424
228.0,20523378.287383176,0.7543439906783693,17921171.35185185,0.8220466293989074
229.0,20994958.290303737,0.7804001950076515,18186183.513888888,0.8209115603459762
230.0,21386715.827102803,0.761974235138684,17953038.324074075,0.8123998884123852
231.0,20868605.63317757,0.7696868314171629,20405365.98148148,0.7943411491525905
232.0,21317263.323014017,0.784737213905749,20720228.666666668,0.7683523151626346
233.0,21146548.40186916,0.7608988645881837,17984499.22685185,0.7787557953368444
234.0,21470246.273364484,0.7387187617153994,17705209.925925925,0.7611895799952515
235.0,20649661.78271028,0.7968476123489976,19542395.638888888,0.7628432497123071
236.0,21222329.8364486,0.7654022150890581,19568390.759259257,0.7658091209637682
237.0,21169987.13084112,0.772536949145401,17956938.402777776,0.8122537650207365
238.0,20275553.65332944,0.7789807842031298,18591002.990740743,0.8050910400029594
239.0,21182821.12733645,0.7708479555274158,23647520.85185185,0.7283527113707596
240.0,21664278.47546729,0.7401308196378809,19207121.842592593,0.7303183538552317
241.0,20486462.359813083,0.7719319379051771,18000140.180555556,0.7981515559179339
242.0,20446296.47254673,0.7787066368250948,19527592.074074075,0.8058640939605517
243.0,21097993.97546729,0.7706735794854555,18591786.51851852,0.7790904826359528
244.0,20668927.144859813,0.7736450329099742,18348495.509259257,0.7842396973024549
245.0,20853343.049065422,0.7980258377817051,20657710.240740743,0.8003538069841544
246.0,20265797.33878505,0.7888597710231015,20566525.87962963,0.7783576073410414
247.0,20344116.425233644,0.7718471036706215,19064556.296296295,0.7898080962527809
248.0,20941937.164719626,0.7422841019383879,20511922.689814813,0.8009056716614404
249.0,20304628.533878505,0.7814593613785926,18950047.87962963,0.7400960469537494
250.0,21052554.02161215,0.7626902866415888,19386648.041666668,0.7947205166245302
251.0,20787617.13084112,0.7726457603223594,18943404.592592593,0.8148165856533459
252.0,20170267.516355142,0.7660916324167687,18032343.097222224,0.8080601471982825
253.0,20249997.355140187,0.7733658359573125,19581571.074074075,0.8206387665792657
254.0,20723248.821845796,0.7758640808621333,18629160.87037037,0.6859797515768858
255.0,20162564.22371495,0.780310365327042,20474116.73148148,0.7620758652720525
256.0,21945596.99766355,0.7576831299436886,18308447.333333332,0.8132323962594603
257.0,19921192.93224299,0.7706111765505321,20826478.259259257,0.7364550695778597
258.0,20331206.674649533,0.7900948118794027,18281533.02314815,0.8069047663583336
259.0,20434652.176985983,0.779827745064538,18958982.662037037,0.814348033143896
260.0,20092096.450934578,0.7978273797412706,19643301.666666668,0.7536179554359784
261.0,20042551.857476637,0.7534152236282289,18117474.361111112,0.7976041123296335
262.0,20318292.268983644,0.773389132551961,19208842.5,0.7117138702038015
263.0,20154785.447429907,0.7840125083084645,19668398.296296295,0.7582796865131272
264.0,21503527.27599299,0.7722174838580387,18630797.888888888,0.819090195460584
265.0,19759974.77453271,0.7829833453925393,18033957.712962963,0.8284110863483266
266.0,20429546.55724299,0.7936120572687324,18640552.055555556,0.8026222980639369
267.0,20060019.297897197,0.7602716675306311,18691258.166666668,0.7186458691216319
268.0,19938274.912383176,0.8005712817175177,18069865.342592593,0.8362138976623732
269.0,20152344.108644858,0.7841766859001331,24758876.62962963,0.730266078599969
270.0,20701856.6635514,0.7948850842155635,18140649.171296295,0.8018890196069939
271.0,19839380.71495327,0.7543902045288055,18308226.884259257,0.8565875580134251
272.0,20352676.727803737,0.7906868383301723,18180119.277777776,0.8214370785074662
273.0,20404929.269859813,0.7762451505331996,19268852.814814813,0.7963515891093458
274.0,20140681.314252336,0.7731862694728355,19771600.694444444,0.7785466668254531
275.0,19938385.245911215,0.7896850443134419,18693147.98148148,0.7533188310997111
276.0,19538046.822429907,0.80655320661247,18367705.574074075,0.7877845146790834
277.0,19945101.639018692,0.7845884515715817,22351692.261574075,0.8190928164412534
278.0,20790086.49766355,0.7803584427004441,18517832.166666668,0.7953716573217072
279.0,19622931.427570093,0.79470132315972,19584837.14814815,0.7813204460927291
280.0,19969535.56542056,0.8003251213402369,19222868.842592593,0.8092353687878636
281.0,19357781.206775703,0.789578320119766,18838541.23148148,0.8312393352105814
282.0,19481542.614485983,0.7865145209872039,21832278.574074075,0.5847063097752634
283.0,19912205.689252336,0.7964202694257301,22547360.037037037,0.7398288728212379
284.0,19246811.507593457,0.7977512954390422,19129918.407407407,0.7364376677817398
285.0,20146980.3989486,0.7810465165312224,18883876.046296295,0.8093847277292953
286.0,19571554.65420561,0.7922778216518815,18928445.546296295,0.7220102894959205
287.0,19274272.03212617,0.7915297447955219,18000273.486111112,0.8043705616360007
288.0,19383763.454439253,0.7928478409288094,19615397.537037037,0.8208297860137718
289.0,20103136.642523363,0.7747216756442504,18676161.222222224,0.8348933250968555
290.0,19797446.57067757,0.765331152494541,19751854.967592593,0.7819257641037973
291.0,19961741.21728972,0.8072589841755128,18226742.287037037,0.7756710398181916
292.0,19218616.849299066,0.7677643032772816,19666016.675925925,0.7631875772492864
293.0,19322715.193925235,0.7715469662300486,19643672.22685185,0.8103508206613074
294.0,19235433.547897197,0.7703914165910996,18883787.425925925,0.796926669433465
295.0,20166500.68399533,0.7703252834804944,18704377.14814815,0.7679301686608974
296.0,19588118.4614486,0.773955281393904,19432815.342592593,0.815352943933577
297.0,19382278.150116824,0.7926770935625508,18212636.87037037,0.7677454543435486
298.0,19932322.422897197,0.7661246128930361,18742423.280092593,0.8169093127686216
299.0,19377822.947429907,0.7972023715839466,21392847.703703705,0.7427852833830786
300.0,19645093.381425235,0.7823171658124746,18516921.444444444,0.8222555358350186
301.0,19669813.243866824,0.76473654946489,19541469.986111112,0.766064284717772
302.0,19293294.77686916,0.7760602804039822,19425453.935185187,0.7976103625204848
303.0,19193420.675233644,0.7698601565629662,18783406.296296295,0.7864328812056316
304.0,19946623.55724299,0.7932274814517941,19060854.842592593,0.7846420454393731
305.0,19215903.754088785,0.7909469642476549,19267941.314814813,0.7750282789038407
306.0,19061023.86682243,0.8080674483926433,18611875.23148148,0.7973336461285037
307.0,19492013.15478972,0.7745836079519635,19088685.24537037,0.7394305152601215
308.0,19308370.09228972,0.7844498392484687,19115440.592592593,0.7416142222282813
309.0,20681793.293224297,0.7855073945466374,19018075.361111112,0.734869920444445
310.0,19187200.042056076,0.7806352247425795,19280395.916666668,0.8038886184295571
311.0,19162340.139018692,0.7882400256100889,19564685.125,0.7889287704585832
312.0,20620407.707943924,0.7578263053811026,20091630.361111112,0.7421734257977952
313.0,19450401.59170561,0.7601447308291708,18437968.416666668,0.8607277728448132
314.0,19319958.21787383,0.8088875393752496,22754677.680555556,0.7882926720188043
315.0,18782449.92873832,0.7792428830323725,20622915.425925925,0.7957398001764638
316.0,19292633.547313083,0.7785879745789395,19891811.166666668,0.7786122570836156
317.0,19781079.021028038,0.7901911403346755,19426369.407407407,0.7778111512482262
318.0,18920324.209696263,0.7551013677185899,20662565.069444444,0.6692862559957689
319.0,19092090.715537384,0.7877241751921901,19517107.958333332,0.8047410952540358
320.0,18602775.85630841,0.8076985992175608,19121581.287037037,0.7989427862853475
321.0,18693925.297897197,0.796458388328903,20163630.694444444,0.8128412085389921
322.0,18624976.56775701,0.8001961099235211,19709929.009259257,0.8379452439583299
323.0,19076634.25350467,0.7706957062295409,19008259.217592593,0.7955033299058413
324.0,18657718.82126168,0.789988383990797,19403080.078703705,0.8157945372483226
325.0,18800490.56308411,0.7832112471547906,20137498.62962963,0.7257496247696607
326.0,18441559.890186917,0.791101842099151,20297153.00462963,0.7968237580363478
327.0,20308353.44626168,0.7893212075616174,20740205.87962963,0.7788815957345377
328.0,18941910.64953271,0.7969148535510616,20664529.828703705,0.752511314130539
329.0,19281360.296728972,0.768864071722887,20963699.185185187,0.6966660639716663
330.0,18533187.06775701,0.7908823789658096,20281214.416666668,0.7983571748959124
331.0,19244234.569509346,0.7855518560248593,21153771.592592593,0.8082111624099787
332.0,18887826.704439253,0.7932811562385941,21002149.027777776,0.7254063225430353
333.0,19054565.31191589,0.7827310537993464,19822466.203703705,0.817871252598475
334.0,17977639.27015187,0.800825625784781,19671269.240740743,0.7453315380675705
335.0,18101344.667056076,0.8054957278415578,19604554.074074075,0.7892777034811816
336.0,18637030.89953271,0.7912483848034818,19859699.0,0.8242330536021164
337.0,18544502.88376168,0.8069983237820427,20355503.203703705,0.7238515656048945
338.0,18399686.33936916,0.809554882419846,21626424.740740743,0.7739956368636819
339.0,18182718.299065422,0.7688144695097608,21708949.296296295,0.7767947034387475
340.0,18440745.577102803,0.7694165713337504,20715888.64814815,0.7468334981401611
341.0,18279016.563668225,0.7991867480999277,18689437.967592593,0.7656864418744236
342.0,18591981.000292055,0.8056972072014875,20572418.236111112,0.735757395226017
343.0,20418836.922897197,0.7518015593513584,19494958.00462963,0.7148124705535998
344.0,18697130.80724299,0.7743340826680516,20826300.050925925,0.796186462848563
345.0,18344810.935747664,0.802647664777444,20981344.37037037,0.7542898742165901
346.0,18606628.702102803,0.8200209959541117,20689051.574074075,0.7392696852158878
347.0,19095628.19100467,0.7644516865813966,21022615.157407407,0.8103938423275984
348.0,18711355.263434578,0.8030703363507419,22321858.64351852,0.8041115022778504
349.0,18051402.091121495,0.7928915256218394,20086615.407407407,0.8327275088773235
350.0,18960406.44275701,0.7985983922627319,19801685.407407407,0.8328205013861437
351.0,18757503.835280374,0.7806751746966151,19207083.347222224,0.8455393288852443
352.0,18204144.740070093,0.7550231363146968,19818034.212962963,0.7506690631206945
353.0,18208473.976635516,0.7742163455021708,20879560.37962963,0.6577175650196884
354.0,18534010.853971962,0.7936973673771222,21494883.14814815,0.8171393956357037
355.0,18146503.44100467,0.7943888752011036,20576904.314814813,0.8273751366735017
356.0,18823414.06834112,0.784512741802894,22532758.64814815,0.7772412088900467
357.0,17967165.700934578,0.7904597700124636,21085907.592592593,0.7634489636345114
358.0,17936873.898364484,0.8192517205152011,19542277.775462963,0.7946081536070494
359.0,18599018.94567757,0.8042362495193955,21182730.509259257,0.7292916224651316
360.0,17829702.87850467,0.7937380359311411,20664605.555555556,0.7863905371502432
361.0,18234785.0864486,0.7922951307839294,20304817.990740743,0.7920676763023455
362.0,18371378.14953271,0.8047013068222623,20393179.969907407,0.8115359190792537
363.0,18150746.642523363,0.7751487962333702,20032889.657407407,0.8082681316140876
364.0,17732398.831775703,0.7953767295203712,20586578.87037037,0.8250561678802634
365.0,18212119.21787383,0.8099302863877625,22244571.62037037,0.7257722088796457
366.0,18482230.89953271,0.8099462619046407,20656661.14814815,0.8015467468063852
367.0,17513123.341121495,0.8058842693636968,20758784.115740743,0.7426448099768299
368.0,17773358.21728972,0.8087548309604442,19605950.458333332,0.7601198127436456
369.0,18108993.797313083,0.7774262500226862,20975901.787037037,0.7681564504578113
370.0,17384391.801985983,0.8074041235945614,20704784.89814815,0.7692722179104322
371.0,17444071.466121495,0.8077673823278085,19551859.14814815,0.7150191947463113
372.0,18787133.72371495,0.7959275644185447,19596929.638888888,0.782250442486702
373.0,18146425.447429907,0.8166241560857803,20576402.759259257,0.7943778684931395
374.0,17520257.2885514,0.8101230394424388,20531823.62962963,0.7815301643424916
375.0,18832476.992406543,0.7679841969098482,22380908.814814813,0.7444963059252857
376.0,17826779.821845796,0.7961004136918071,22752516.537037037,0.6975105421860741
377.0,18316126.59462617,0.7993178490401897,21366113.222222224,0.7651920092356549
378.0,17546719.073014017,0.7956741847033015,22226266.796296295,0.7852043897122297
379.0,17336847.28504673,0.8179720902849554,22935281.453703705,0.7639181997336152
380.0,17955639.53329439,0.8163252672544786,20961310.10185185,0.7719773144892877
381.0,17146581.90186916,0.8008875304594969,20674115.953703705,0.7689412528195838
382.0,18133927.43691589,0.7994687105523806,22741648.259259257,0.7672495442127755
383.0,17745795.31191589,0.7876130631227735,21247714.555555556,0.7707003220594857
384.0,17568564.31834112,0.8127574497397252,20762240.75,0.7657719918403703
385.0,17550274.96962617,0.8102636283249847,20931580.240740743,0.7648956455665826
386.0,17367998.754672896,0.791901373433192,20927236.009259257,0.757069522203671
387.0,17440782.22313084,0.7976155580692847,21445554.074074075,0.7556040839707736
388.0,17232922.557827104,0.7990971039730931,20850321.423611112,0.7615690177409437
389.0,17844423.609228972,0.8191517856729936,20478387.37037037,0.7586964115082248
390.0,17707478.126752336,0.7928086641294917,22235591.388888888,0.7820528733976618
391.0,17519559.803154204,0.7929311507115244,21214129.48148148,0.7328135499766942
392.0,18125137.31542056,0.7885150924093444,22032813.574074075,0.8165107982017175
393.0,16852080.91880841,0.8167800828242028,21529293.342592593,0.7847863758364378
394.0,17283406.349299066,0.8041892094779165,20379519.541666668,0.8252579768533237
395.0,17360587.237149533,0.8027193579011327,21492479.814814813,0.7745901837455007
396.0,17767538.766939253,0.8014632619209064,21610471.777777776,0.7246604468027492
397.0,16867065.599299066,0.8226784033497241,19888873.157407407,0.7274541910804478
398.0,16994891.610981308,0.8228937511948984,24187356.037037037,0.678781645385655
399.0,18184886.004672896,0.7650200109398361,21301185.333333332,0.6870845160513361
400.0,17620740.299065422,0.807434590842047,21287234.89351852,0.779202127477038
401.0,17746528.02628505,0.8058313957272755,23228094.509259257,0.7451886745967049
402.0,17114306.944509346,0.7949407509817573,20965446.361111112,0.7392117496799557
403.0,16820650.332943924,0.7959616866963516,21714958.638888888,0.7652516907028591
404.0,17095256.67640187,0.8070306025365711,21062437.287037037,0.8056009136658576
405.0,17366335.425817758,0.7858966949186896,23305762.252314813,0.8007033471335392
406.0,17535932.387850467,0.7888758588437634,23485184.472222224,0.8143275007229067
407.0,17319457.875,0.7917838073077681,22767578.814814813,0.7872471350991253
408.0,17085169.504672896,0.8220759782770197,21646375.12962963,0.7835304675450829
409.0,16967579.031542055,0.8119986809389333,21957225.314814813,0.6970571710151513
410.0,17139753.564252336,0.796378892196692,22457308.14814815,0.7175176796955012
411.0,17010534.462616824,0.8274651336308929,22149160.138888888,0.7922136887980956
412.0,16885946.41296729,0.7930720085382549,22133851.26851852,0.7924815455536716
413.0,17201923.816588785,0.8080876000214011,20984671.685185187,0.7490501459593815
414.0,16983191.54088785,0.816424741229467,21806136.657407407,0.8207300367883521
415.0,17860344.73130841,0.7967434865574412,23065110.87962963,0.7425620657061069
416.0,16910321.03212617,0.7908920488786706,21222863.25462963,0.7806042916987421
417.0,16404320.337616822,0.8188796867399535,21771083.5,0.7795378838909189
418.0,16543655.652453272,0.8091973224666343,23336133.759259257,0.7824916929736708
419.0,16913653.711740654,0.8083591856711325,20382820.37037037,0.8210128082816295
420.0,16828846.816588785,0.7929054398751696,23150736.87037037,0.7128176113483297
421.0,16989770.080315422,0.8025933619155469,23029859.638888888,0.6711798517484281
422.0,17304489.96670561,0.8115230546433466,22609461.98148148,0.7679448324859209
423.0,16577317.884929907,0.8032125726986667,25021691.138888888,0.7815504493952372
424.0,16874565.927570093,0.8064861173748809,23179742.296296295,0.7078396214601824
425.0,17377265.44859813,0.7870161546195725,21768206.388888888,0.7814311159704109
426.0,16615957.543808412,0.8153074057692926,22467141.259259257,0.6167045647561864
427.0,17479819.891355142,0.7896025628766095,22705208.907407407,0.7139299619445817
428.0,16493308.627336448,0.8110682320865148,21417068.10648148,0.7688873087050775
429.0,16317065.400700934,0.8121595204317248,23190954.944444444,0.7235302497714751
430.0,17489098.515771028,0.7866359391211657,23442029.85185185,0.6470326551960137
431.0,16377561.266939253,0.8040844946003388,24818718.050925925,0.7351866133320334
432.0,16385579.126752336,0.8026698132548571,22587668.324074075,0.7451524297269545
433.0,17145377.554906543,0.807921454846697,24413747.194444444,0.7460693088494893
434.0,16861135.992406543,0.8008198327987066,23116058.611111112,0.7263972024142802
435.0,16635076.657126168,0.8143923176799293,23323166.574074075,0.7060126125533602
436.0,16338183.436915888,0.7912790984720776,22843757.027777776,0.67890613841935
437.0,16738748.780957945,0.8107563271290517,22081211.222222224,0.7674763125217403
438.0,17139900.879672896,0.7998996661133486,22425039.26851852,0.6037997098576454
439.0,17926074.302570093,0.7752032957867367,26452616.01851852,0.6640721951280014
440.0,17587916.810747664,0.7798962798994552,26872169.314814813,0.6853933725910806
441.0,16844369.721962616,0.7958268338598561,22211847.740740743,0.7348047349683561
442.0,16159920.97021028,0.8169473319313225,25876445.759259257,0.7354525779520537
443.0,16693508.115654206,0.7980272608076514,25226739.5,0.7583572010951835
444.0,16656007.658294393,0.7996166195306658,23751266.458333332,0.7809683851682083
445.0,16545102.474883178,0.7982614651731195,22399716.611111112,0.7587339913231276
446.0,16384468.484813085,0.805970415828395,25452379.26851852,0.785216015876203
447.0,17381699.0,0.8018668002483221,22652392.037037037,0.7495822131840626
448.0,16453553.77686916,0.7888544264217913,22946253.453703705,0.7042434469096129
449.0,16234823.782418225,0.7817013243935256,22628471.953703705,0.7820815637509456
450.0,16746395.571261682,0.8131842923819833,22252772.546296295,0.7755378306696904
451.0,15769234.320677571,0.817683949372389,22750077.435185187,0.6885781738568922
452.0,15688158.540887851,0.8215286063707018,21885449.875,0.7825219671804362
453.0,15996090.691588785,0.8236012586691699,22908087.972222224,0.7386874266461966
454.0,16338054.539427571,0.806384379033528,23739827.39814815,0.6885974299725752
455.0,16069310.502336448,0.8131330267144606,22336204.972222224,0.7547181285828578
456.0,16264832.986857476,0.7868394704557022,23020020.175925925,0.7270948854164421
457.0,16721649.397196261,0.8029473398375165,22729102.277777776,0.7261678720323465
458.0,16330225.860397195,0.7971411866464734,21784430.75,0.7454324692588753
459.0,16878493.623831775,0.794493686961444,24526454.125,0.7290954624936974
460.0,16339131.123247664,0.8134919788848143,22105152.166666668,0.7683267934686426
461.0,16277072.643107476,0.8118593231210887,24698197.953703705,0.7513989997202726
462.0,17202977.06688084,0.8122531840620588,28310413.35185185,0.6986728242435623
463.0,16882862.573014017,0.8215362884623811,24136502.98148148,0.5889652232264739
464.0,16088296.118574766,0.8026639335000518,21480886.425925925,0.7382678003613992
465.0,16188500.121495327,0.820065206055771,23047347.037037037,0.7485356365625982
466.0,16575452.337616822,0.8015621498705104,22375639.564814813,0.8106465521337495
467.0,16008220.689252336,0.8050404473537349,22621617.847222224,0.7410772448475931
468.0,16094636.964953272,0.8146078958991766,23447833.055555556,0.7780631116200519
469.0,16102249.135514019,0.7798657541316935,23000119.342592593,0.773525111647133
470.0,16389806.380841121,0.8154218112435542,23434357.064814813,0.6863687796156883
471.0,16601122.938084112,0.8164091497231664,24623245.722222224,0.7521512335061281
472.0,16271244.330607476,0.8193748003951937,24191497.462962963,0.7819431500823242
473.0,16637319.016939253,0.8062627544396923,24884463.305555556,0.7967440367648733
474.0,15878715.681658879,0.8099002650068516,22568185.564814813,0.6993527302933418
475.0,15948557.571261682,0.8378575159806613,22355994.675925925,0.827660340272829
476.0,15272703.857476635,0.8251504417550541,22372721.083333332,0.7761809463887679
477.0,16167466.24561916,0.8168809904609364,25454192.814814813,0.7281831854269043
478.0,16152492.20093458,0.8114126379609329,25980104.76851852,0.685741035683426
479.0,16010681.12353972,0.8026150050021899,24921428.97685185,0.7356190164573285
480.0,15999584.177570093,0.8352525881321105,22962187.175925925,0.6986790006121267
481.0,15320075.933995327,0.8089946817130157,24086765.064814813,0.741289044774841
482.0,15874820.475467289,0.8173754503425759,22752466.462962963,0.6536988999460926
483.0,15604128.220794393,0.8163930237109974,23589202.888888888,0.7687352400504269
484.0,15946336.687207945,0.7957031168759612,21885128.037037037,0.7562981648983335
485.0,16097009.980140187,0.8094456558923524,27688600.333333332,0.40301851432830677
486.0,17096233.068925235,0.8002626460309097,23203318.888888888,0.7834219695084528
487.0,15617556.994450934,0.8204599784105607,22314388.833333332,0.8196088775846095
488.0,15916068.99707944,0.8154177213339104,22708026.01851852,0.7175796600325619
489.0,17121204.94042056,0.8111762338258235,24163479.962962963,0.7114940463870637
490.0,16053560.364485981,0.8178339160579047,23560295.25,0.7764400476301385
491.0,15377412.623831775,0.814216071570417,23056334.465277776,0.7437286593600144
492.0,15753087.301401868,0.797064940134341,24892724.888888888,0.7254624643813824
493.0,15581533.256425234,0.8277395551735859,22587926.58564815,0.7762437019286201
494.0,15622699.046728972,0.8049425306213263,21216459.472222224,0.8122969082270053
495.0,15447970.748831775,0.8083498994235965,22968863.925925925,0.7438609713540949
496.0,16011143.052278038,0.8015102063248652,23347922.925925925,0.7138380419593382
497.0,15373850.865654206,0.8418243796723676,23542155.37962963,0.7404513987213774
498.0,14968637.673773365,0.8232335958508712,22649903.990740743,0.7024322889666679
499.0,15618244.884929907,0.8387539446226989,23642323.25462963,0.7242409901651357
500.0,15517443.81542056,0.8207997763834842,24420372.01851852,0.7114236279716197
501.0,16014773.531542055,0.8299121107024607,22721020.62962963,0.7153733560359647
502.0,15639854.585572429,0.8237604186918378,22147754.175925925,0.7215748665662383
503.0,15768449.728971962,0.8095617275710757,22909793.407407407,0.7215495955311388
504.0,15079927.59521028,0.818595843441324,25624139.048611112,0.7609773520239979
505.0,16349041.272780374,0.8098348110461958,22412719.26851852,0.7735223749515737
506.0,15241966.737149533,0.8377051231509843,22007883.97685185,0.8078678906802985
507.0,15839842.582067758,0.8219169005331183,23851701.740740743,0.7766909076015914
508.0,15356659.648948599,0.7990541250079078,24418440.800925925,0.7970188717074177
509.0,16098213.904205607,0.7985124002443877,23631601.657407407,0.7280019390405316
510.0,15494499.378796728,0.821879933568814,21257863.342592593,0.7740105210261423
511.0,15343126.466121495,0.827200226050693,25007018.328703705,0.7226647087012885
512.0,15204457.256425234,0.8229724414824748,21915333.196759257,0.7325826818795528
513.0,15029915.271028038,0.8154181630669933,24654150.967592593,0.7873567082010188
514.0,15345464.293808412,0.8007768219842394,24894616.52314815,0.6649341945138554
515.0,15367186.968165888,0.8078702763391328,22609272.54398148,0.7945549443797555
516.0,15008400.322429907,0.8331937296341566,23783073.453703705,0.6419838337553683
517.0,14974846.061623832,0.8076226948916622,24752666.657407407,0.681229703572672
518.0,15499308.911214953,0.8195568781232183,23055923.037037037,0.7868772661250111
519.0,14895654.5432243,0.8200976195398055,24066837.555555556,0.7402486812277524
520.0,14490264.931074766,0.810443008371544,25159976.62037037,0.749298253530273
521.0,14930049.015771028,0.8038242158896204,26895574.759259257,0.6637221310362393
522.0,15435868.943341121,0.8026735981271153,24843881.259259257,0.738265188902077
523.0,15308396.086448599,0.8447225952630402,25163534.861111112,0.6995112337834105
524.0,15220755.316004673,0.8281928816820028,26041342.796296295,0.6464843077554
525.0,14820992.792640187,0.8231070831794106,24774376.64814815,0.6816577465589767
526.0,15181957.358060747,0.8064633802273989,23503926.62037037,0.6399409245450559
527.0,15066826.890186915,0.8202140159043606,24709991.37037037,0.7051426793666707
528.0,15015671.979410047,0.8249558231093455,24143572.916666668,0.7843403015864528
529.0,14774178.17406542,0.8106923894631725,24190419.828703705,0.758875071708359
530.0,15498854.195385514,0.8179406112540051,26351095.203703705,0.6305369862624803
531.0,15710430.745911215,0.8247851476594577,24440655.5,0.5993921992486515
532.0,14197576.906542055,0.8398440837821156,26761220.138888888,0.6958773844803887
533.0,16034406.747663552,0.8120999464926187,22914908.046296295,0.7394410171857223
534.0,14266015.514018692,0.8365395862711659,24494550.657407407,0.7506168660297811
535.0,14260042.768107476,0.8225004699267182,23352678.537037037,0.7621544448395254
536.0,15034423.46655958,0.8562011292442993,23935720.75,0.7706949618995634
537.0,15621276.553154206,0.8311939931503579,24472908.537037037,0.6967213280532312
538.0,15119055.492990654,0.8141702237168595,21728952.638888888,0.7659368457833695
539.0,15043222.896174066,0.8436298151290063,26042044.722222224,0.6271554472895565
540.0,14887367.488317758,0.8075385384570359,27076325.611111112,0.687720032681879
541.0,15308903.800233645,0.8260003135697483,25124836.060185187,0.7070410349761784
542.0,14373990.610397195,0.8286913619865179,24001301.97685185,0.7193843871684827
543.0,14346988.90771028,0.8473249026771098,25499668.865740743,0.6550643309558927
544.0,14375077.648948599,0.812224574044008,24990477.814814813,0.7609615164223518
545.0,15483585.162967289,0.8164305276250796,27170377.62037037,0.788630411037463
546.0,16973003.346378505,0.8001120919472938,26590852.23148148,0.7559827132799294
547.0,14696465.766939253,0.8054437888028122,24493877.416666668,0.7196929404931943
548.0,14483307.890771028,0.8253323630047129,23386812.203703705,0.7544062187600065
549.0,15142161.904205607,0.8337582101856023,24297557.222222224,0.6704540964137152
550.0,14362647.572721962,0.8192449173686664,24119339.527777776,0.7977619607619869
551.0,14759855.805490654,0.8168400138776001,24200846.37037037,0.729138603174061
552.0,14923285.25,0.8408187417292162,24709759.185185187,0.7621287406099427
553.0,14776820.157126168,0.8365836075955133,24932236.759259257,0.6787657696602083
554.0,14893611.810747664,0.8318846322360176,24471191.27314815,0.7454992378783287
555.0,15491599.886682242,0.8051760846585151,25074429.85185185,0.7963456606804186
556.0,14003651.501168225,0.8366616682342668,26124031.037037037,0.5908319760673946
557.0,14166172.570093459,0.8211555647994022,25551337.296296295,0.6903463455911464
558.0,15467399.458235981,0.8208924555417018,20842507.185185187,0.7500376568487241
559.0,15069794.26343458,0.8193596660573488,30974144.208333332,0.7344555305975513
560.0,15546182.392523365,0.8333670035967944,26585287.666666668,0.7367242978218682
561.0,14362077.626752336,0.8532116419288907,21955487.555555556,0.7020795516427059
562.0,13982969.017523365,0.8319052875168548,25124412.694444444,0.748515110468724
563.0,14188759.041033879,0.825354418156887,26896671.12037037,0.732075193618528
564.0,14256251.244012851,0.8132561229660066,24827843.805555556,0.6846824264303885
565.0,14614688.773364486,0.8024456264491789,23866520.435185187,0.7909809959232179
566.0,14151745.350467289,0.8267019614573036,25969681.203703705,0.7440978981392535
567.0,14281681.514748832,0.8632945844763306,26037118.680555556,0.6783471488834998
568.0,15255980.670268692,0.8279976121923623,25299613.240740743,0.7591281624344403
569.0,14769737.274532711,0.8201890951513106,25838724.759259257,0.7210506874829845
570.0,14772725.01635514,0.8055953441312989,23259303.694444444,0.7231757972477313
571.0,13628820.541471962,0.8091151210784603,24133092.342592593,0.7375312613212068
572.0,14457588.703271028,0.7990034618754435,23986073.416666668,0.7575291903991351
573.0,13881591.761682242,0.8531036234020265,25447370.453703705,0.7139808745536462
574.0,14269161.152161215,0.8360583962355651,25626158.592592593,0.713014714157341
575.0,14219567.27978972,0.8117290546557828,24520148.888888888,0.7308485448203215
576.0,14769375.189836448,0.8111866906712424,24914537.384259257,0.7428357649393623
577.0,14836729.844626168,0.8072782693251789,23686218.962962963,0.7367369967273361
578.0,14213752.682242991,0.8371922834657115,23205329.91435185,0.8228763449897323
579.0,15287415.130841121,0.8230188536459514,25367335.62037037,0.6566561684334935
580.0,14270509.02686916,0.8094708620555766,24854188.944444444,0.6421883680311531
581.0,14058347.351051401,0.82900070311169,24098148.324074075,0.7290333417748277
582.0,14170091.195677571,0.8121968280029243,25901934.157407407,0.695527976809963
583.0,15032490.022488318,0.8428571903371629,26707456.916666668,0.7103940253489678
584.0,14124075.965537382,0.826697371660819,26121548.759259257,0.6944550674639345
585.0,14329147.441296728,0.8267276806138377,22886218.925925925,0.689730324107351
586.0,14624544.293808412,0.814812614663048,23537873.935185187,0.7616850753457044
587.0,14131723.757593459,0.8468384559714203,24278578.759259257,0.7925949973652072
588.0,13612581.104556074,0.8262180770266878,27259221.48148148,0.3623644714205163
589.0,14146485.889602805,0.8384459225311631,24158153.70601852,0.7772272363117433
590.0,14878227.102803739,0.837030724772158,23853241.944444444,0.7223433967461399
591.0,15952156.706483645,0.7843792212116707,30166046.26851852,0.733363451864202
592.0,14283872.47021028,0.8226157272785117,25919766.39814815,0.7130572725145128
593.0,14089767.685163552,0.8133499169419036,25859190.20601852,0.7020599545488032
594.0,14774101.39281542,0.8132876653894102,29053726.425925925,0.7615726632484682
595.0,13540034.265771028,0.8348065734031762,26992304.537037037,0.6533978093635249
596.0,13996015.688668225,0.8351988396451081,25952483.263888888,0.6953731297718485
597.0,14048029.544976635,0.8251163510807894,26682171.814814813,0.7335151597609998
598.0,14014109.966413552,0.8183638173962937,23826451.055555556,0.7344399335350885
599.0,13675918.060747664,0.8562724956701417,25606705.666666668,0.7863137772988963
600.0,13333097.214661215,0.8326975812338993,26412004.888888888,0.596896219361019
601.0,14257439.375584112,0.8348022775279325,23354170.416666668,0.7409416337740395
602.0,13834989.966705607,0.8359248811810317,26454564.842592593,0.7349463456252436
603.0,13264863.507593459,0.8247663534997955,22792557.217592593,0.7678152844302465
604.0,13890279.477219626,0.8249353575876838,24509818.461805556,0.7041634930036084
605.0,15221609.70093458,0.8360642850576571,25427597.222222224,0.7516986369520298
606.0,14865348.234228972,0.8412138678272796,23255120.277777776,0.773815608518692
607.0,13756012.475175234,0.8483625753522152,22821859.666666668,0.7409898774888274
608.0,14529638.460280374,0.8348171248592698,25175889.85648148,0.6756365131944391
609.0,13849607.165887851,0.8483884795355807,29937192.861111112,0.6588500504794689
610.0,14489841.40186916,0.827508134238148,24230278.611111112,0.7181386871470165
611.0,14214745.349299066,0.8270360532652418,24770480.48148148,0.8044366507307051
612.0,14019176.095794393,0.8228144718428975,25315267.611111112,0.6868094242987297
613.0,14267133.221378505,0.8027383523757803,25936051.462962963,0.67088842552111
614.0,13751896.101927571,0.8301995463110243,25119502.73148148,0.7132696189905701
615.0,13799512.56542056,0.8285258430864083,28358630.759259257,0.6774826059364463
616.0,13844894.476051401,0.8517978127001454,23144610.574074075,0.6794261409812783
617.0,13283660.952102805,0.8139318236860981,22924291.527777776,0.668984459281001
618.0,14057219.387850467,0.8396682823689082,25222233.324074075,0.6788760725329896
619.0,14468003.498831775,0.839052104482063,26542123.671296295,0.7550642393882645
620.0,14824384.25,0.8414570067841315,24511182.342592593,0.7021339537550018
621.0,13817515.87938084,0.8192614818622601,26291701.037037037,0.6470700153975246
622.0,13934126.016939253,0.850182043664891,23877746.92939815,0.6573981644426842
623.0,13744037.236273365,0.839754394293127,31130976.185185187,0.6572057741341145
624.0,14297688.373247664,0.8360341558446905,23980703.462962963,0.7827494743506924
625.0,13695488.877336448,0.83246195802163,26858184.592592593,0.7127725068869686
626.0,13332699.335864486,0.8187122687386952,30289744.407407407,0.6786639213940726
627.0,13726374.774532711,0.831369417943908,24273717.157407407,0.7538671386992314
628.0,14424329.144859813,0.8409470227781561,29407481.907407407,0.6072225999996266
629.0,14726464.943341121,0.8254465626650872,23062732.490740743,0.6178277117302756
630.0,13385849.168516355,0.8639995237639211,23745338.935185187,0.7548744403844094
631.0,13179941.196845794,0.8348780120685898,23994204.48148148,0.6977160471335139
632.0,13475846.338785047,0.8423828383597748,24687295.02314815,0.7099896510386295
633.0,13400736.001752336,0.8454086157000833,26487024.694444444,0.7052967393125544
634.0,12939515.1057243,0.8421113421384638,30674943.194444444,0.6329181782201034
635.0,13292972.62207944,0.8406048039236207,24664419.282407407,0.7781373464339788
636.0,14136532.641647195,0.8454210542895318,28256419.962962963,0.6119378867452278
637.0,13577578.271612149,0.8455109434482757,25160712.39814815,0.7476645240962055
638.0,14125730.501168225,0.8149901906646265,25426326.89814815,0.6915759628460602
639.0,14775278.474883178,0.8220734621462011,29204368.666666668,0.7413879093682977
640.0,13743454.922897195,0.825179276774212,25730486.14814815,0.7452827048657431
641.0,13284978.384929907,0.8396262267302639,25100805.62962963,0.7694726375182454
642.0,13375231.636390187,0.8139695757435658,23464001.111111112,0.7446838542735263
643.0,13611367.463200934,0.8562771492689344,25788092.078703705,0.7305318588917947
644.0,12992576.691296728,0.8280311455857906,22452725.782407407,0.6817658644305327
645.0,13873288.619742991,0.840141858479793,24642404.402777776,0.7192546772208653
646.0,13680614.906834112,0.8244883078572681,26567783.888888888,0.7166014664431007
647.0,14477642.323598132,0.8413030535937028,25478743.865740743,0.7636968687132308
648.0,13054600.268253505,0.8674876430325574,24829300.212962963,0.6824576882575749
649.0,13954698.494742991,0.8191242139702525,25286943.472222224,0.7738341664313363
650.0,13681480.431658879,0.8157379851252863,26883684.537037037,0.6176648363731106
651.0,13124656.545560747,0.8362105750964561,25893460.032407407,0.7507770761332776
652.0,13021110.398364486,0.8357417771404939,25094883.972222224,0.6565604722891399
653.0,12805855.84813084,0.843648076971423,24558438.902777776,0.7803765549023735
654.0,13605455.9182243,0.8365298844005623,20797402.60648148,0.8247124824834197
655.0,12930043.918808412,0.850128334382976,28237687.712962963,0.7767635829118582
656.0,13137091.752336448,0.8440298807765069,25247832.47685185,0.7425905236868678
657.0,13511477.025116822,0.828326988683266,23335140.49537037,0.7955414251428019
658.0,12886581.2619743,0.8416217922447249,23949025.666666668,0.7795805165414476
659.0,12784949.708528038,0.8509714936086792,25780364.638888888,0.674785511719019
660.0,12857746.00438084,0.8357237227515646,26647655.611111112,0.7101067818470038
661.0,13642215.522196261,0.8263231983864499,24616377.277777776,0.7604666146295307
662.0,13015754.915303739,0.8284666035159145,26049668.574074075,0.6882298040001663
663.0,13596424.904205607,0.8249565615977524,25822674.51851852,0.7418291610594897
664.0,13006264.861273365,0.8336992128456517,24619648.203703705,0.728710868266779
665.0,12461115.661799066,0.8451725382688337,26938252.555555556,0.7118054635852812
666.0,13837959.85718458,0.841603561581512,23976925.37962963,0.7043749189391423
667.0,13506647.152453272,0.834351262371191,27814188.76851852,0.669817692661652
668.0,13684829.301401868,0.8559285907875152,23374142.240740743,0.6884961806252434
669.0,12637844.167056074,0.8614690622165956,26279005.259259257,0.5360273053266458
670.0,12537023.323598132,0.8403394393607814,26708928.055555556,0.6771750415150608
671.0,12166268.63989486,0.8687442034309681,29567376.222222224,0.5484565597305988
672.0,12812815.246495327,0.8538809017829547,26867818.98148148,0.5697988643385967
673.0,12277221.611857476,0.8549396067181423,24217077.76851852,0.735802319977815
674.0,13330059.023364486,0.8099629884284157,26091729.796296295,0.7272002745390402
675.0,13555429.472546728,0.8576700437969347,26583769.48148148,0.6496760818464651
676.0,12828662.216997664,0.8226769126833247,26382269.259259257,0.6864054374334785
677.0,13169787.854848132,0.8354080766282298,23895830.037037037,0.785396150392261
678.0,11827572.667640187,0.8470669897874652,25527301.89814815,0.636614385022398
679.0,12373386.036214953,0.8493829163215884,26697336.75,0.6550325533668044
680.0,13174290.187792055,0.7873819965667956,21927296.092592593,0.7956929324205135
681.0,12072256.978095794,0.8611738036265997,23042566.35185185,0.7420372798147071
682.0,12809851.164719626,0.8214447106508737,25441517.583333332,0.7463322904325722
683.0,13373180.646612149,0.8392042466816647,25282396.194444444,0.700209436319888
684.0,13288070.389310747,0.8532682477918694,31310226.51851852,0.5810535960475184
685.0,12748909.451518692,0.8290795393880745,23400011.666666668,0.732041718244819
686.0,11882110.57885514,0.8403777648914794,22408248.368055556,0.7145367405493452
687.0,13089550.914719626,0.8307851405780781,26077934.80787037,0.7066041239123605
688.0,13087727.03417056,0.8375193895541906,21937860.76851852,0.7649495550597671
689.0,12246823.4807243,0.8525590114998068,25528038.568287037,0.7118674860871893
690.0,12492151.148948599,0.8525547099942115,21792639.828703705,0.6950634324126378
691.0,12243755.608060747,0.8480344583474947,26571846.430555556,0.7703897486701942
692.0,12692026.145443926,0.8509380711479316,25872634.740740743,0.6790740458999942
693.0,12478579.040303739,0.8584602307357422,23259648.592592593,0.7300430195815684
694.0,12186039.45531542,0.8638746808596026,23897037.916666668,0.7903698102709179
695.0,12266111.169976635,0.8261606454601551,23179405.722222224,0.6838294907351006
696.0,11940169.609228972,0.8675560039123883,24608040.189814813,0.7042871593108763
697.0,14134003.458235981,0.7987107041283504,25582366.009259257,0.7224776602817561
698.0,11877962.201226635,0.856878638170815,24933101.287037037,0.6034574433235838
699.0,12451269.437353972,0.8302928430673236,24194621.649305556,0.7597527288650044
700.0,12471380.53563084,0.826818770541963,24272803.162037037,0.7379192396925915
701.0,12495878.7692757,0.8555125431462797,25270993.078703705,0.6813140905876025
702.0,12172377.038551401,0.8315061192256477,27601763.25,0.6767577961784286
703.0,12779440.511682242,0.8523566804832938,26273288.092592593,0.6328765218097473
704.0,11734816.25,0.8657231771563159,25341524.743055556,0.7102526919557346
705.0,12754533.699766355,0.8502818995142222,28021614.291666668,0.6278560325942012
706.0,12516199.75292056,0.8538284753922575,29305376.944444444,0.7070939665226441
707.0,12342234.18896028,0.8503122935724814,22214448.763888888,0.7763778811195791
708.0,12173398.323014019,0.8662554780891907,31293678.333333332,0.6361717472454385
709.0,12688437.508177571,0.8277485063829256,26626732.574074075,0.6861192095892219
710.0,11386681.400846962,0.8595618196348792,23900352.652777776,0.7469006241678938
711.0,12896628.879088785,0.8127722908048018,22604222.833333332,0.6895765757408824
712.0,12818092.216997664,0.8300480411818275,25117120.10185185,0.6992681005046213
713.0,11828300.0744743,0.8525029354546173,23650797.98148148,0.7387332673951471
714.0,11672173.100759346,0.8391364835273963,23509729.722222224,0.7076765178299612
715.0,12037546.943341121,0.8439755669244957,25458618.041666668,0.7279170071648667
716.0,11826616.012266355,0.8374444709126049,27036597.833333332,0.7371756523892076
717.0,11382564.496057242,0.8491847812717735,22399027.722222224,0.7706486534412668
718.0,11561378.108352805,0.847498848377594,26215362.270833332,0.6277632132595278
719.0,12330234.677716121,0.8672989933884687,21736602.689814813,0.7495835860337942
720.0,12079357.187792055,0.862740117695729,22038209.537037037,0.7255397088068393
721.0,11537586.507885514,0.861231523174098,23273911.759259257,0.6639446758511083
722.0,12807922.496641355,0.8359428987084007,27962558.708333332,0.77072710786294
723.0,11741671.22167056,0.8572024849772321,24699614.064814813,0.6751338282104046
724.0,11186201.735397195,0.8477431757849252,25622258.337962963,0.7432235772028144
725.0,11174304.20458528,0.8635141048942533,23457721.175925925,0.7697895911028028
726.0,11705301.981308412,0.8293320811978551,23000522.85185185,0.7464635916166246
727.0,11611221.689252336,0.8382117567362327,25561323.611111112,0.7026706554187823
728.0,11545225.914719626,0.8644851799444592,26233897.14814815,0.6609754397174065
729.0,11519544.035046728,0.8520478044033958,28386475.62037037,0.6884094199341355
730.0,11275001.278913552,0.8765238018980083,31292605.64814815,0.5800176514786771
731.0,12395152.002774533,0.8532882035036726,22944731.013888888,0.7973378765176541
732.0,12479806.101635514,0.8264443288631395,23684739.435185187,0.7264593275709134
733.0,11192624.313668225,0.8523433374696914,28823717.35185185,0.6561866145505536
734.0,10872143.68457944,0.8529849568759537,22679765.002314813,0.7517530789641088
735.0,11027526.305490654,0.8505960517800457,25325562.027777776,0.7236904431393936
736.0,11586403.508177571,0.8475648750165723,22615963.10648148,0.7138357712817823
737.0,11331736.1525993,0.8533750721936006,25595289.449074075,0.6834627545503407
738.0,10886684.226927571,0.8774762285232175,26871005.134259257,0.6958545087494491
739.0,11412719.582797898,0.8592519249747493,23916728.51851852,0.5743251187702471
740.0,12506630.240654206,0.8649470684478149,24921171.60185185,0.7547448285650108
741.0,12025361.898948599,0.8530366930080486,21512647.944444444,0.7860405741642973
742.0,12311106.895443926,0.8419271864953882,23006530.291666668,0.6786666291251998
743.0,11196966.993136682,0.8455153986879429,24961000.115740743,0.6398156104427938
744.0,11204775.694509346,0.8699128454263648,22818466.296296295,0.7204013135790677
745.0,10878120.51635514,0.8603420647295322,25858172.91435185,0.7516288085248641
746.0,11459516.131717289,0.858219713339654,21807150.157407407,0.7910822585943532
747.0,12316311.312792055,0.8347640762460978,26298469.092592593,0.682614033862532
748.0,11976390.750584112,0.8480051879474875,23178124.435185187,0.6193850823552488
749.0,11319218.286507009,0.8361591540697936,25036872.435185187,0.6829615150453542
750.0,11260482.639310747,0.8572017280996913,26578357.462962963,0.6078033236418321
751.0,10696864.198014019,0.8708125249955502,23312242.300925925,0.7834231934632867
752.0,11063999.446553739,0.8624273705458843,26124338.01851852,0.6515129301673791
753.0,11319040.09813084,0.8432980962020401,23367410.509259257,0.7804145423749967
754.0,10370468.757885514,0.8604853864144177,29183199.962962963,0.7065197931258048
755.0,10984029.425817758,0.8693742550371765,25239927.64814815,0.6777086447302694
756.0,11133518.742698599,0.8553778263803256,23082418.712962963,0.7777627309328626
757.0,13290662.322429907,0.8177728102396579,23477341.314814813,0.7276416318242604
758.0,11149721.948014019,0.8364736262699772,29839097.01851852,0.5646834974055586
759.0,11613117.464661215,0.8577434219782999,29330722.703703705,0.5516948904845509
760.0,11022154.80811916,0.8599768201641111,23943979.37037037,0.7704521823752957
761.0,11152356.371203272,0.8249250259849044,24535931.423611112,0.806561001670484
762.0,10869544.513142524,0.8694523118493679,20640797.337962963,0.7935055962931452
763.0,12142076.28271028,0.8662199259416389,23771779.162037037,0.701514255206896
764.0,11153904.889310747,0.8884131677634468,22874753.314814813,0.68677817798968
765.0,11267286.530665888,0.8522371481254747,25282963.761574075,0.7493447279786947
766.0,10569375.843457945,0.8538943073019121,24130771.055555556,0.7462401439100218
767.0,11495537.616238318,0.8644681295514643,24035890.092592593,0.6756587883455566
768.0,10606439.201810747,0.8709670321172007,27333468.990740743,0.7561680765687457
769.0,11009101.134345794,0.8845973143090223,21555226.935185187,0.6949860132704269
770.0,11753955.135221962,0.8425336670658082,27526928.564814813,0.6551957837330424
771.0,10498687.610397195,0.8738649426742515,26165912.777777776,0.7434708270550145
772.0,10693722.414135514,0.8587882110077902,32444518.60185185,0.6399314805221361
773.0,11297010.29614486,0.855274243410768,29446808.73148148,0.5819209959500343
774.0,10756804.277161215,0.830467408944239,22969108.136574075,0.689234008045073
775.0,10119075.155227805,0.8579320399905711,22270688.064814813,0.7538328421460058
776.0,12265495.852219626,0.859214543961714,26772990.138888888,0.6487707352696659
777.0,10005018.110689253,0.8744734289094103,23145140.548611112,0.79899351394375
778.0,10459295.29906542,0.8638222401184478,24936138.157407407,0.7864776921475723
779.0,11903760.705899533,0.8554273046094033,26524998.259259257,0.7174245426716485
780.0,10884204.001752336,0.8824837367144386,26664797.259259257,0.719920612035672
781.0,10386651.996641355,0.8897546681926726,26087084.48148148,0.6083033362198639
782.0,11194448.449766355,0.8889091273466416,27548022.333333332,0.6697842234247311
783.0,10212704.897488318,0.8684967176655222,25408574.73148148,0.7383496227826596
784.0,10224726.935747664,0.8765288237841024,24708150.48148148,0.7110115601907234
785.0,9850334.994450934,0.8810294069553845,28364044.675925925,0.6110456544285144
786.0,10835618.662383178,0.8775675111861742,23363599.291666668,0.7803203590009553
787.0,10760793.966997664,0.8573917899189469,27501148.37037037,0.7145893553911996
788.0,11316021.429322429,0.8628438600341264,35193473.481481485,0.3546121928121491
789.0,12109756.327102805,0.8677160321644283,25516994.01851852,0.7562370509236985
790.0,12205794.471232476,0.8438714081044343,21223353.842592593,0.7775309232251023
791.0,10550766.721086448,0.8721862288194757,30140319.490740743,0.6882524008099252
792.0,10263456.215537382,0.8623593120303698,26201967.87037037,0.6563055849229892
793.0,10276131.82739486,0.8662351185223358,23850940.310185187,0.7119635034162264
794.0,10253965.015771028,0.8668788312138567,23646168.777777776,0.7520871284394742
795.0,9963441.484375,0.8882190266068917,26939905.14814815,0.7424454119807803
796.0,11308162.996495327,0.8859789358670584,26243122.069444444,0.7751563769033907
797.0,10115702.383177571,0.8722760545166394,20476995.24537037,0.7545028694302099
798.0,11043260.073598132,0.8646109317403801,27872369.847222224,0.7049271990527571
799.0,10856696.554030374,0.8706072377380373,26700139.407986112,0.6922551097550842
800.0,11891092.868282711,0.8452485559440778,34840182.55555555,0.5175526259829567
801.0,10034105.227219626,0.8828479718141795,23805936.97685185,0.7006053496795354
802.0,10958810.773072429,0.8521909343580297,28385793.24537037,0.6589751455812606
803.0,10273324.507885514,0.8820529690009314,24102703.782407407,0.7093127847425065
804.0,9891621.23656542,0.897380484460598,28554754.074074075,0.6200092298816166
805.0,10673105.010221962,0.8684283660825673,27620798.300925925,0.7845997211263407
806.0,11175763.872663552,0.8708236942687829,24446231.22685185,0.7216583296786302
807.0,11535446.600321261,0.8640131545908317,25598263.027777776,0.7648600232916345
808.0,10877773.458089953,0.8766469727852154,25186938.87037037,0.6424043862575796
809.0,10102252.63624416,0.8644706358426265,28554582.314814813,0.7627837761882144
810.0,10518944.26343458,0.8562186268470406,31475028.537037037,0.2730578725574667
811.0,10029315.390917055,0.8905738646362632,24554559.962962963,0.6410052281812073
812.0,9952537.602511682,0.8835997365626725,27031827.638888888,0.7371165464495241
813.0,9982918.625584112,0.8813988471218506,28238241.842592593,0.6213985076317656
814.0,10025092.708820093,0.872369094023338,25623231.907407407,0.6713194511170605
815.0,11275970.571845794,0.845225382038958,27828584.469907407,0.7021964942591163
816.0,10347720.40698014,0.8772308878142551,22983351.083333332,0.6222442340986378
817.0,10129196.883469626,0.884707225796518,35180334.77314815,0.6695725919480728
818.0,9515127.313668225,0.8682102157619275,26247725.314814813,0.6955905603218174
819.0,10528242.299357476,0.8584179245559855,31206320.407407407,0.7058026313781631
820.0,10015896.679322429,0.8933422986683617,24169860.032407407,0.75354846704918
821.0,10932861.435747664,0.8427150556740883,23101578.421296295,0.7019817443157444
822.0,10163601.661068926,0.8789807414036305,25066741.138888888,0.6882980470472987
823.0,9789392.446407711,0.8599859584921143,28552088.909722224,0.5815069185248313
824.0,10386210.490216121,0.8678022713087645,27586561.430555556,0.6399666032171311
825.0,10528499.664135514,0.86333413546514,22807660.657407407,0.8177088775004492
826.0,9757293.352511682,0.8780146161690411,22472400.805555556,0.8024003441650336
827.0,10280942.143107476,0.8804392546582371,28416858.574074075,0.695156717532825
828.0,9794020.972984813,0.8863411779947278,28229490.541666668,0.6264991606282462
829.0,10703261.34082944,0.8675690643999091,21697367.25,0.6100159622166695
830.0,11746723.120327102,0.8709444546006166,30138308.12962963,0.5435736247204568
831.0,10575333.608060747,0.8671882135660348,22144572.333333332,0.7614383152492266
832.0,9473836.843457945,0.8843626961831835,26320524.636574075,0.6917587216838657
833.0,9517296.258469626,0.9008700156944687,22265650.305555556,0.7356579869539348
834.0,9992234.028767524,0.879219758404406,26018511.965277776,0.6115767560323881
835.0,9609272.486273365,0.879194050806472,24263986.125,0.7468920691974286
836.0,9372656.680636682,0.8832282800749811,28255820.66435185,0.5736687627637683
837.0,9376200.451518692,0.8829896994359,23129763.296296295,0.6808104778223198
838.0,9355826.923189253,0.8950078058134591,24180474.62962963,0.6848920782292305
839.0,9764252.613901868,0.8545272384622441,28370158.759259257,0.6691466027244292
840.0,9872868.781542055,0.8866998707049486,30576219.974537037,0.6691214099658834
841.0,9887708.543516355,0.8748286937979959,32175008.046296295,0.6784941110989097
842.0,11308074.736273365,0.8682394798045912,21573100.14814815,0.749807097836337
843.0,10145407.118428739,0.8968663363691433,22018273.12962963,0.6871430689823738
844.0,10960368.451810747,0.8875942885100653,25561118.634259257,0.6380364740349391
845.0,9466765.229264019,0.8897009057864154,25883834.532407407,0.739764375970347
846.0,12072997.980432242,0.8633034623106342,23388628.814814813,0.7262677643949631
847.0,9372483.075642524,0.8713372037740785,27892853.935185187,0.6927992818848251
848.0,10623966.406396028,0.8844183802319988,29100005.092592593,0.653659611414149
849.0,11071031.515771028,0.8538108036885595,26355312.055555556,0.6480671055152408
850.0,9076340.829293225,0.8790381683037185,23515945.185185187,0.7501102402011095
851.0,8837567.277015187,0.8879438053963042,26248217.583333332,0.7213446389310647
852.0,9790742.942172898,0.8793739758700314,24901245.092592593,0.5992640500036006
853.0,9684951.504088785,0.8672171247398068,28081264.421296295,0.6925911173421058
854.0,9111667.446845794,0.8742539579524253,23793205.884259257,0.7314965186399931
855.0,10463119.238317758,0.8793300562616694,22307463.300925925,0.6998752532136793
856.0,11388732.390625,0.8678164756298169,33273759.513888888,0.6713239143107067
857.0,9639297.849445093,0.8844511874952488,23385723.685185187,0.7641425360926041
858.0,10223875.592143692,0.8814699738564348,24362887.347222224,0.745890219162005
859.0,9776288.87792056,0.8805363577413421,25708657.046296295,0.6329776380224248
860.0,10817512.724883178,0.8847016714060237,25358455.800925925,0.6943162709652781
861.0,9627516.382593459,0.8676038842665834,23566434.814814813,0.7644814343274462
862.0,9545299.571845794,0.8946061473478158,22945553.521990743,0.7088161408278251
863.0,10583252.317464953,0.8671921942998272,24829652.759259257,0.7782016384810797
864.0,9796292.936623832,0.8677635045725719,24328601.12962963,0.6894433586926405
865.0,9437475.392377336,0.8763398384109828,30012814.861111112,0.4499175342273012
866.0,8920806.489632009,0.8901179324356107,26745526.95601852,0.416126757213894
867.0,8952219.323014019,0.8998641225762922,25973180.439814813,0.6935044497279087
868.0,10527095.428154206,0.8809594555787814,21668268.488425925,0.7874568626122576
869.0,10774077.475759346,0.8776932460948222,26075950.509259257,0.7483433165653638
870.0,10331876.838200934,0.8669183005967198,23126496.157407407,0.7875941726227458
871.0,9577771.476927571,0.8748223278370887,32910320.240740743,0.598109208644204
872.0,9511043.244012851,0.8924435090134851,26386702.64814815,0.7507184271127701
873.0,8921993.943633178,0.8949543342291609,25213720.07060185,0.7174597389974975
874.0,9492344.84082944,0.8641343011477743,24192049.217592593,0.7173427984019388
875.0,9651160.303738318,0.876994812610797,25020881.842592593,0.7472319467972414
876.0,8290510.9634929905,0.8795446572585327,26689953.166666668,0.7275387454448153
877.0,8718090.871495327,0.9054462737364304,25411722.377314813,0.5666226431633944
878.0,9082521.246787382,0.8799626076002663,24225309.296296295,0.6650326271448834
879.0,10012040.536799066,0.8817425994100756,23168726.074074075,0.6446543554826852
880.0,10485683.335864486,0.8870992028915603,28134650.277777776,0.5801252960141762
881.0,10544199.84228972,0.8684861199400611,29230819.583333332,0.4004584442659751
882.0,9359934.359521028,0.8761357344824685,30525777.099537037,0.6274294870816743
883.0,10583268.347692758,0.854874320659962,23595723.72685185,0.7665662292665419
884.0,10259147.434287382,0.861059426134597,29275954.657407407,0.5030169352234163
885.0,10247831.667202102,0.8572436481708311,22843758.087962963,0.7105951287720805
886.0,9784195.135514019,0.8742887489517135,26854182.787037037,0.5225153858456293
887.0,9610798.500584112,0.8570872836542912,22927057.009259257,0.7987553173279658
888.0,9272973.484521028,0.8830332567645808,23110184.372685187,0.650844556744632
889.0,9399296.441442758,0.8644582201622784,25677521.01851852,0.6479305119841484
890.0,9938636.376606308,0.8609647575904454,28346854.71875,0.7001189904141681
891.0,8562787.320093459,0.8911178945865734,26869432.145833332,0.6302083569782676
892.0,9270897.245327102,0.8939979448263617,23801765.798611112,0.7556963474141853
893.0,9623948.727803739,0.8975950452317742,28410580.01851852,0.5800838627965158
894.0,8873056.801401868,0.8748247966209208,26932845.652777776,0.6381290948330708
895.0,9489046.503796728,0.8762345976468126,26701749.780092593,0.6179599027462616
896.0,8344005.441442757,0.8732845942238244,24703429.962962963,0.7440925155405075
897.0,8530843.209331192,0.8973382183669415,21024144.907407407,0.7473131045540933
898.0,10026755.103825934,0.8718379561221183,26301242.907407407,0.6856365977772215
899.0,9854810.778037382,0.8765589753445843,24038788.407407407,0.7394755347347901
900.0,8574686.164135514,0.9020309408696308,27324271.111111112,0.7191808810811962
901.0,8749822.346086448,0.8671028236211795,24172018.766203705,0.6648892065518324
902.0,8880614.703563085,0.8936408944707551,24149078.75462963,0.7380787442732681
903.0,8903761.579183703,0.8923871326928995,24821204.777777776,0.6764834492069696
904.0,9616476.496787382,0.8837913616128996,24146594.6875,0.7362405733604269
905.0,8795974.228679907,0.901412489449712,27451137.560185187,0.6752775942690327
906.0,9395114.073890187,0.8759881985165687,23150035.041666668,0.7452475981745977
907.0,8294625.519567757,0.8961107705102119,27536535.055555556,0.42876707245179957
908.0,9398282.93530958,0.8896134522539454,25306869.328703705,0.7029991419107081
909.0,8997855.027745327,0.9022546983596089,25507135.814814813,0.691366933284852
910.0,9453236.772780374,0.8806517870370785,26121460.35185185,0.7212517908197206
911.0,8171369.126168224,0.8759662419464239,26484521.046296295,0.7270678950250863
912.0,9315850.554760514,0.8881737321988592,28076736.821759257,0.6550446511425396
913.0,10213995.822429907,0.8828418795626686,25458973.009259257,0.7501380447167906
914.0,9376664.568341121,0.8842012645663696,24114275.962962963,0.7128916132625646
915.0,9850208.850467289,0.8439017573713774,23371668.611111112,0.7859343383673526
916.0,9819025.651577102,0.8588972804143185,28236054.865740743,0.7495968611026336
917.0,8993479.857549649,0.8977654647626008,29934433.76851852,0.6872694977478433
918.0,8811419.561331775,0.9143735986315636,24357466.85185185,0.7066084922727028
919.0,8896053.85302278,0.8635085378872877,25348431.472222224,0.6535896562627028
920.0,9495376.263872664,0.8893614284785637,23589417.787037037,0.6604006920684575
921.0,9079733.011682242,0.8589858250823739,28539340.324074075,0.691319338133265
922.0,8662504.929322429,0.8696619926984724,24845093.759259257,0.7244820639426401
923.0,8787198.885367991,0.8936857051740097,23657883.680555556,0.6779060838929651
924.0,7944993.651212033,0.915215042981941,31772330.953703705,0.49397745955694305
925.0,10116390.253504673,0.8909814284805084,26622296.361111112,0.6890047059338877
926.0,8798596.767669393,0.8927930538551004,25531484.361111112,0.7079209816022023
927.0,8852713.118574766,0.8915239118685867,31414916.064814813,0.6856288162963152
928.0,9358659.26781542,0.8809237786900446,27238750.421296295,0.7571247178109922
929.0,9771293.209988318,0.8724627109027082,22283551.04398148,0.7218540419690115
930.0,8518803.992114486,0.8925649968411752,24322084.574074075,0.7868100856004233
931.0,8547646.95458528,0.8926577630191249,22824442.694444444,0.7720295612255111
932.0,9114446.85302278,0.8772962098306606,27215030.60185185,0.6326016632683675
933.0,9285217.875584112,0.8822663595010063,24338185.592592593,0.7196989392246187
934.0,9685563.976051401,0.8912636981423248,27142196.666666668,0.5932192066956706
935.0,8706656.327978972,0.8854744006835463,32253691.666666668,0.6565522677940406
936.0,10230673.891939253,0.882600052593491,23909388.361111112,0.6701666776244992
937.0,9566796.834842289,0.8854028201803439,25320198.35185185,0.804940343934858
938.0,8834356.937792055,0.8728636861719313,24383854.527777776,0.6110507817275049
939.0,7956353.538843458,0.8944697122726982,23185934.770833332,0.6803344123751741
940.0,8378008.700058411,0.9079481543859961,24924324.759259257,0.716231959435951
941.0,8473919.402161215,0.8952625118328563,24346781.24537037,0.7498833453358509
942.0,8076385.068633177,0.9130399865401632,23206878.958333332,0.7494661369808109
943.0,9863159.12353972,0.8957252143621763,26593798.64814815,0.7356895979160614
944.0,10393612.297751168,0.8830910448370968,27428436.569444444,0.7188827198733326
945.0,10718405.678446261,0.8515027005319626,23220313.20601852,0.7460939866009322
946.0,8424113.686477805,0.8921679934494818,29883555.694444444,0.6564877366970118
947.0,8060207.588785047,0.8887470303842218,26386954.574074075,0.6983863096221894
948.0,7812782.393691589,0.9022507993856723,26621516.925925925,0.7285746743314783
949.0,7922201.246349299,0.904965176510506,24502437.60185185,0.6904518380636263
950.0,8396724.390771028,0.8810482932654791,26957323.472222224,0.6358154935120667
951.0,8265102.898948598,0.8571070866364873,24577323.75462963,0.7109820947183509
952.0,8718507.581337618,0.893052423092328,27234548.74537037,0.7222128331396536
953.0,10338715.695385514,0.873612490963805,25421865.900462963,0.32662858991554117
954.0,9019192.328928154,0.8957425641785175,24741957.569444444,0.6774777054446086
955.0,9464144.825350467,0.8597175446388643,24679473.611111112,0.7930139835491777
956.0,8295782.057827103,0.9005236689012611,27283852.388888888,0.5733598995518802
957.0,7487222.3087762855,0.8795551979300913,25612750.37037037,0.6828317993647717
958.0,8168922.487587617,0.8777848428761034,29027483.472222224,0.7343805867497104
959.0,7537730.121349299,0.9068747734641752,23194354.444444444,0.732318820251507
960.0,11244437.462032711,0.8692604066377826,32420089.175925925,0.726659224765219
961.0,8541022.56103972,0.9055028004752942,25620069.486111112,0.7498689555216447
962.0,8002067.991530374,0.8896481224238276,30307442.833333332,0.7294508373281341
963.0,9325910.995035047,0.9064491244170045,28993483.395833332,0.7440467045621832
964.0,8444234.7849007,0.8920365773603968,23726663.472222224,0.7162515215108177
965.0,8618250.378796728,0.9096871236352395,27342636.740740743,0.6484149721892244
966.0,7228845.580753504,0.8985324161305817,23375293.888888888,0.6648357371466669
967.0,8100343.099591121,0.9088421652871878,29025816.722222224,0.7249902501912336
968.0,7976346.847108644,0.8933104951954769,26682040.689814813,0.7139360793271153
969.0,8028506.898364486,0.901396212180198,21915665.79398148,0.7868057054132643
970.0,8276767.427351051,0.9007122335701726,23579511.01851852,0.5886844519541952
971.0,8720988.037091121,0.8960990487397507,26733469.497685187,0.7099311523669258
972.0,8226616.03796729,0.8932623751748386,25003647.576967593,0.7598770918281361
973.0,9348741.591121495,0.8917700543423214,27881402.638888888,0.7079757534981089
974.0,9316728.186915888,0.8891768234297838,24483592.162037037,0.7054382767157947
975.0,7753161.664719626,0.8935942555976064,24429391.833333332,0.7820662896054358
976.0,8363620.941296729,0.88370646517803,26096593.608796295,0.6704848036299166
977.0,8391585.936404789,0.908163643174298,27525959.87962963,0.6054099388871189
978.0,8535818.550817758,0.8890875196155462,25089739.23726852,0.6854934414908923
979.0,8488100.6442757,0.9017838036403264,25581421.10185185,0.6068311855629877
980.0,8635032.04541472,0.8775768765583433,27787544.685185187,0.47215569975044225
981.0,9052574.201080607,0.8597643457736128,24601800.064814813,0.7401861465285483
982.0,7945799.757301402,0.8915851309727256,25421949.659722224,0.6803108820242006
983.0,7205792.059068341,0.9221490160816346,29349842.444444444,0.6712542365322678
984.0,8615027.592727805,0.8946529762039241,24033086.092592593,0.6882429985972011
985.0,8499837.491092289,0.8886869201039023,25305367.907407407,0.6940802909052869
986.0,8618974.749707945,0.8835453565944318,24624004.763888888,0.7235451132870412
987.0,7623880.262558411,0.9138847216654893,25305263.064814813,0.6112983945063296
988.0,11921521.518107476,0.8674405586467,27974429.685185187,0.623564560885469
989.0,9365355.748393692,0.871018110460836,27136226.16435185,0.7009312453385961
990.0,8638737.265040888,0.8865232748434869,24172742.467592593,0.6863270228308598
991.0,7656871.172021028,0.9129211411535206,24034424.31712963,0.7392686362656854
992.0,7789546.934579439,0.9072734797137729,26060433.261574075,0.7071511894830915
993.0,7798121.790595794,0.9048558864593196,24787628.972222224,0.7315527605248034
994.0,8210023.562426986,0.9008263669468984,24734435.37962963,0.6428414374194392
995.0,8154593.014310747,0.8834355432755092,22514123.055555556,0.750485491781461
996.0,8524024.321407711,0.8966519889668175,23472660.696759257,0.719842558599612
997.0,8599969.255403038,0.8939733918630595,26642334.02314815,0.6374577797419296
998.0,9693140.375584112,0.8591968275573609,27312822.402777776,0.6696901511023136
999.0,8763599.252774533,0.9072559167638146,25109711.381944444,0.7116206704570731
1000.0,8180706.84973715,0.881206566808349,32416092.194444444,0.5454813890428012
